Q_match,C7_real,C7_img
81.000000,-0.181345,-0.005216
