Q_match,C7_real,C7_img,C9_real,C9_img,C8_real,C8_img
200.000000,-4.214027,0.196979,0.501602,-0.000000,-0.213281,0.011750
