Q_match,C1_real,C1_img,C10_real,C10_img,C2_real,C2_img,C3_real,C3_img,C4_real,C4_img,C5_real,C5_img,C6_real,C6_img,C7_real,C7_img,C8_real,C8_img,C9_real,C9_img
81.,0.000000,0.000000,0.000000,0.000000,-1.000252,-0.000000,0.000000,0.000000,0.000000,0.000000,0.000000,0.000000,0.000000,0.000000,-0.179784,0.011416,-0.090661,0.005957,0.000000,0.000000
