Q_match,C7_real,C7_img,C2_real,C2_img
81.000000,-0.179604,0.000000,-1.000252,-0.000000
