Q_match,C7_real,C7_img
200.000000,0.393806,0.007060
