Q_match,C7_real,C7_img
81.000000,-0.176130,0.011416
