Q_match,C7_real,C7_img,C9_real,C9_img,C8_real,C8_img
200.000000,0.464802,0.008332,-0.543570,0.000000,-0.181222,0.011912
