C7_real,C7_img
0.477240,0.145793
