Q_match,C1_real,C1_img,C7_real,C7_img,C9_real,C9_img,C10_real,C10_img
100.000000,1.100000,0.100000,7.100000,-0.700000,NaN,NaN,NaN,NaN
200.000000,1.200000,0.200000,NaN,NaN,NaN,NaN,NaN,NaN
300.000000,NaN,NaN,7.200000,-0.800000,NaN,NaN,NaN,NaN
150.000000,NaN,NaN,NaN,NaN,9.100000,0.900000,NaN,NaN
500.000000,NaN,NaN,NaN,NaN,NaN,NaN,42.000000,42.000000
