reg_prop,0.001
V_cb,0.04182
V_cs_rel,0.974685
V_cs_img,0
G_F,1.16637e-05
s_24,4.71362
Finite,1
M_W,80.3695
M_Z,91.1535
theta_W,0.5
m_b,3.06897
m_c,0.629571
m_s,0.093
m_h,81.0829
s_13,4.71362
