reg_prop,0.001
V_cb,0.0418162
V_cs_rel,0.974688
V_cs_img,0
G_F,1.16637e-05
s_24,8.74057
Finite,1
M_W,80.3692
M_Z,91.1876
theta_W,0.5
m_b,4.18
m_c,1.273
m_s,0.0935
m_h,125.2
s_13,8.74057
