Q_match,CP1_real,CP1_img,CP2_real,CP2_img,CP3_real,CP3_img,CP4_real,CP4_img,CP5_real,CP5_img,CP6_real,CP6_img,CP7_real,CP7_img,CP8_real,CP8_img,CP9_real,CP9_img,CP10_real,CP10_img,CPQ1_real,CPQ1_img,CPQ2_real,CPQ2_img,C1_real,C1_img,C2_real,C2_img,C3_real,C3_img,C4_real,C4_img,C5_real,C5_img,C6_real,C6_img,C7_real,C7_img,C8_real,C8_img,C9_real,C9_img,C10_real,C10_img,C_V1_real,C_V1_img,C_V2_real,C_V2_img,C_S1_real,C_S1_img,C_S2_real,C_S2_img,C_T_real,C_T_img,CQ1_real,CQ1_img,CQ2_real,CQ2_img
1.000000,0.000000,0.000000,0.000000,0.000000,0.000000,0.000000,0.000000,0.000000,0.000000,0.000000,0.000000,0.000000,-0.003959,0.000253,-0.001998,0.000132,0.000090,-0.000005,0.000027,0.000000,0.000000,0.000000,0.000000,0.000000,0.000000,0.000000,1.000250,0.000000,0.000000,0.000000,0.000000,0.000000,0.000000,0.000000,0.000000,0.000000,-0.177084,0.011292,-0.089433,0.005893,5.971710,-0.177382,-14.030644,-0.297957,-1.000250,-0.000000,0.000000,0.000000,0.001153,-0.000000,-0.000351,0.000000,0.000000,0.000000,0.000000,0.000000,0.000000,0.000000
81.000000,0.000000,0.000000,0.000000,0.000000,0.000000,0.000000,0.000000,0.000000,0.000000,0.000000,0.000000,0.000000,-0.003959,0.000253,-0.001998,0.000132,0.000090,-0.000005,0.000027,-0.000000,0.000000,0.000000,0.000000,0.000000,0.000000,0.000000,1.000250,0.000000,0.000000,0.000000,0.000000,0.000000,0.000000,0.000000,0.000000,0.000000,-0.177084,0.011292,-0.089433,0.005893,5.266271,-0.203601,-5.278789,0.027318,-1.000250,-0.000000,0.000000,0.000000,0.001153,-0.000000,-0.000351,0.000000,0.000000,0.000000,0.000000,0.000000,0.000000,0.000000
