Q_match,C1_real,C1_img,C2_real,C2_img,C3_real,C3_img,C4_real,C4_img,C5_real,C5_img,C6_real,C6_img,C7_real,C7_img,C8_real,C8_img,C9_real,C9_img,C10_real,C10_img,CP1_real,CP1_img,CP2_real,CP2_img,CP3_real,CP3_img,CP4_real,CP4_img,CP5_real,CP5_img,CP6_real,CP6_img,CP7_real,CP7_img,CP8_real,CP8_img,CP9_real,CP9_img,CP10_real,CP10_img,CPQ1_real,CPQ1_img,CPQ2_real,CPQ2_img
1.000000,0.000000,0.000000,1.000060,0.000000,0.000000,0.000000,0.000000,0.000000,0.000000,0.000000,0.000000,0.000000,-0.182854,0.011662,-0.091061,0.006085,2.187992,-0.060627,-5.164338,-0.080378,0.000000,0.000000,0.000000,0.000000,0.000000,0.000000,0.000000,0.000000,0.000000,0.000000,0.000000,0.000000,-0.005539,0.000353,-0.002758,0.000184,0.000077,-0.000003,0.000020,0.000001,0.000000,0.000000,0.000000,0.000000
81.000000,0.000000,0.000000,1.000060,0.000000,0.000000,0.000000,0.000000,0.000000,0.000000,0.000000,0.000000,0.000000,-0.182854,0.011662,-0.091061,0.006085,1.944956,-0.068952,-1.939290,0.030091,0.000000,0.000000,0.000000,0.000000,0.000000,0.000000,0.000000,0.000000,0.000000,0.000000,0.000000,0.000000,-0.005539,0.000353,-0.002758,0.000184,0.000077,-0.000003,0.000020,0.000000,0.000000,0.000000,0.000000,0.000000
