Q_match,C1_real,C1_img,C2_real,C2_img,C3_real,C3_img,C4_real,C4_img,C5_real,C5_img,C6_real,C6_img,C7_real,C7_img,C8_real,C8_img,C9_real,C9_img,C10_real,C10_img
1.000000,0.000000e+00,0.000000e+00,1.000058e+00,0.000000e+00,0.000000e+00,0.000000e+00,0.000000e+00,0.000000e+00,0.000000e+00,0.000000e+00,0.000000e+00,0.000000e+00,-1.871581e-01,2.659291e-07,-9.465075e-02,2.436818e-07,2.183776e+00,-3.054064e-02,-4.538119e+00,7.108973e-03
160.000000,0.000000e+00,0.000000e+00,1.000058e+00,0.000000e+00,0.000000e+00,0.000000e+00,0.000000e+00,0.000000e+00,0.000000e+00,0.000000e+00,0.000000e+00,0.000000e+00,-1.871581e-01,2.659490e-07,-9.465075e-02,2.437294e-07,1.941263e+00,-3.025722e-02,-1.320004e+00,3.348017e-03
81.000000,0.000000e+00,0.000000e+00,1.000064e+00,0.000000e+00,0.000000e+00,0.000000e+00,0.000000e+00,0.000000e+00,0.000000e+00,0.000000e+00,0.000000e+00,0.000000e+00,-1.937111e-01,3.029627e-07,-9.672032e-02,2.755137e-07,1.987703e+00,-3.056785e-02,-1.933998e+00,3.965193e-03
