Q_match,C1_real,C1_img,C2_real,C2_img,C3_real,C3_img,C4_real,C4_img,C5_real,C5_img,C6_real,C6_img,C7_real,C7_img,C8_real,C8_img,C9_real,C9_img,C10_real,C10_img,CP1_real,CP1_img,CP2_real,CP2_img,CP3_real,CP3_img,CP4_real,CP4_img,CP5_real,CP5_img,CP6_real,CP6_img,CP7_real,CP7_img,CP8_real,CP8_img,CP9_real,CP9_img,CP10_real,CP10_img,CPQ1_real,CPQ1_img,CPQ2_real,CPQ2_img
1.000000,0.000000,0.000000,1.148911,-0.000000,0.000000,0.000000,0.000000,0.000000,0.000000,0.000000,0.000000,0.000000,-0.183898,0.011728,-0.091581,0.006120,2.229745,-0.060513,-5.218889,-0.081280,0.000000,0.000000,0.000000,0.000000,0.000000,0.000000,0.000000,0.000000,0.000000,0.000000,0.000000,0.000000,-0.005571,0.000355,-0.002774,0.000185,0.000078,-0.000003,0.000020,0.000001,0.000000,0.000000,0.000000,0.000000
81.000000,0.000000,0.000000,1.017946,-0.000000,0.000000,0.000000,0.000000,0.000000,0.000000,0.000000,0.000000,0.000000,-0.183898,0.011728,-0.091581,0.006120,1.966988,-0.069518,-1.959063,0.030437,0.000000,0.000000,0.000000,0.000000,0.000000,0.000000,0.000000,0.000000,0.000000,0.000000,0.000000,0.000000,-0.005571,0.000355,-0.002774,0.000185,0.000078,-0.000003,0.000020,0.000000,0.000000,0.000000,0.000000,0.000000
