Q_match,C1_real,C1_img,C10_real,C10_img
81.000000,0.000000,0.000000,0.000000,0.000000
