Q_match,C1_real,C1_img,C2_real,C2_img,C3_real,C3_img,C4_real,C4_img,C5_real,C5_img,C6_real,C6_img,C7_real,C7_img,C8_real,C8_img,C9_real,C9_img,C10_real,C10_img,CP1_real,CP1_img,CP2_real,CP2_img,CP3_real,CP3_img,CP4_real,CP4_img,CP5_real,CP5_img,CP6_real,CP6_img,CP7_real,CP7_img,CP8_real,CP8_img,CP9_real,CP9_img,CP10_real,CP10_img,CPQ1_real,CPQ1_img,CPQ2_real,CPQ2_img
1.000000,0.000000,0.000000,1.000064,0.000000,0.000000,0.000000,0.000000,0.000000,0.000000,0.000000,0.000000,0.000000,-0.182712,0.011225,-0.090981,0.005857,2.193397,-0.058270,-5.152586,-0.098212,0.000000,0.000000,0.000000,0.000000,0.000000,0.000000,0.000000,0.000000,0.000000,0.000000,0.000000,0.000000,-0.005885,0.000362,-0.002930,0.000189,0.000074,-0.000003,0.000019,0.000000,0.000000,0.000000,0.000000,0.000000
81.000000,0.000000,0.000000,1.000064,0.000000,0.000000,0.000000,0.000000,0.000000,0.000000,0.000000,0.000000,0.000000,-0.182712,0.011225,-0.090981,0.005857,1.950455,-0.066349,-1.928779,0.009002,0.000000,0.000000,0.000000,0.000000,0.000000,0.000000,0.000000,0.000000,0.000000,0.000000,0.000000,0.000000,-0.005885,0.000362,-0.002930,0.000189,0.000074,-0.000003,0.000019,-0.000000,0.000000,0.000000,0.000000,0.000000
