Q_match,C7_real,C7_img,C1_real,C1_img,C2_real,C2_img,C3_real,C3_img,C4_real,C4_img,C5_real,C5_img,C6_real,C6_img,C8_real,C8_img,C9_real,C9_img,C10_real,C10_img
81.000000,-1.936532e-01,3.030245e-07,0.000000e+00,0.000000e+00,1.000064e+00,0.000000e+00,0.000000e+00,0.000000e+00,0.000000e+00,0.000000e+00,0.000000e+00,0.000000e+00,0.000000e+00,0.000000e+00,-9.670271e-02,2.755911e-07,2.033543e+00,-3.633398e-02,-1.932287e+00,3.965193e-03
1.000000,-1.936532e-01,3.030128e-07,0.000000e+00,0.000000e+00,1.000064e+00,0.000000e+00,0.000000e+00,0.000000e+00,0.000000e+00,0.000000e+00,0.000000e+00,0.000000e+00,0.000000e+00,0.000000e+00,-9.670271e-02,2.755770e-07,2.268117e+00,-3.657091e-02,-5.045045e+00,7.109248e-03
