Q_match,C7_real,C7_img,C1_real,C1_img,C2_real,C2_img,C3_real,C3_img,C4_real,C4_img,C5_real,C5_img,C6_real,C6_img,C8_real,C8_img,C9_real,C9_img,C10_real,C10_img
81.000000,-1.943653e-01,3.447640e-07,0.000000e+00,0.000000e+00,1.000063e+00,0.000000e+00,0.000000e+00,0.000000e+00,0.000000e+00,0.000000e+00,0.000000e+00,0.000000e+00,0.000000e+00,0.000000e+00,-9.691259e-02,2.997989e-07,2.049478e+00,-3.637236e-02,-1.965991e+00,2.905813e-02
1.000000,-1.943653e-01,3.447313e-07,0.000000e+00,0.000000e+00,1.000063e+00,0.000000e+00,0.000000e+00,0.000000e+00,0.000000e+00,0.000000e+00,0.000000e+00,0.000000e+00,0.000000e+00,0.000000e+00,-9.691258e-02,2.998128e-07,2.287027e+00,-3.658002e-02,-5.118230e+00,3.181367e-02
