Q_match,C1_real,C1_img,C2_real,C2_img,C3_real,C3_img,C4_real,C4_img,C5_real,C5_img,C6_real,C6_img,C7_real,C7_img,C8_real,C8_img,C9_real,C9_img,C10_real,C10_img,CP1_real,CP1_img,CP2_real,CP2_img,CP3_real,CP3_img,CP4_real,CP4_img,CP5_real,CP5_img,CP6_real,CP6_img,CP7_real,CP7_img,CP8_real,CP8_img,CP9_real,CP9_img,CP10_real,CP10_img,CPQ1_real,CPQ1_img,CPQ2_real,CPQ2_img
1.000000,0.000000,0.000000,1.000063,0.000000,0.000000,0.000000,0.000000,0.000000,0.000000,0.000000,0.000000,0.000000,-0.183436,0.011661,-0.091224,0.006084,2.222681,-0.060912,-5.192660,-0.132297,0.000000,0.000000,0.000000,0.000000,0.000000,0.000000,0.000000,0.000000,0.000000,0.000000,0.000000,0.000000,-0.006471,0.000411,-0.003218,0.000215,0.000068,-0.000003,0.000018,0.000000,0.000000,0.000000,0.000000,0.000000
81.000000,0.000000,0.000000,1.000063,0.000000,0.000000,0.000000,0.000000,0.000000,0.000000,0.000000,0.000000,0.000000,-0.183436,0.011661,-0.091224,0.006084,1.977006,-0.068958,-1.932597,-0.025535,0.000000,0.000000,0.000000,0.000000,0.000000,0.000000,0.000000,0.000000,0.000000,0.000000,0.000000,0.000000,-0.006471,0.000411,-0.003218,0.000215,0.000069,-0.000003,0.000017,-0.000000,0.000000,0.000000,0.000000,0.000000
