Q_match,C7_real,C7_img,C1_real,C1_img,C2_real,C2_img,C3_real,C3_img,C4_real,C4_img,C5_real,C5_img,C6_real,C6_img,C8_real,C8_img,C9_real,C9_img,C10_real,C10_img
81.000000,-1.937111e-01,3.029627e-07,0.000000e+00,0.000000e+00,1.000064e+00,0.000000e+00,0.000000e+00,0.000000e+00,0.000000e+00,0.000000e+00,0.000000e+00,0.000000e+00,0.000000e+00,0.000000e+00,-9.672032e-02,2.755137e-07,1.987703e+00,-3.056785e-02,-1.933998e+00,3.965193e-03
1.000000,-1.937111e-01,3.029484e-07,0.000000e+00,0.000000e+00,1.000064e+00,0.000000e+00,0.000000e+00,0.000000e+00,0.000000e+00,0.000000e+00,0.000000e+00,0.000000e+00,0.000000e+00,0.000000e+00,-9.672034e-02,2.755065e-07,2.222513e+00,-3.080478e-02,-5.049892e+00,7.109248e-03
