Q_match,CP1_real,CP1_img,CP2_real,CP2_img,CP3_real,CP3_img,CP4_real,CP4_img,CP5_real,CP5_img,CP6_real,CP6_img,CP7_real,CP7_img,CP8_real,CP8_img,CP9_real,CP9_img,CP10_real,CP10_img,CPQ1_real,CPQ1_img,CPQ2_real,CPQ2_img,C1_real,C1_img,C2_real,C2_img,C3_real,C3_img,C4_real,C4_img,C5_real,C5_img,C6_real,C6_img,C7_real,C7_img,C8_real,C8_img,C9_real,C9_img,C10_real,C10_img
1.000000,0.000000,0.000000,0.000000,0.000000,0.000000,0.000000,0.000000,0.000000,0.000000,0.000000,0.000000,0.000000,-0.005916,0.000363,-0.002945,0.000190,0.000077,-0.000003,0.000019,0.000000,0.000000,0.000000,0.000000,0.000000,0.000000,0.000000,1.148913,0.000000,0.000000,0.000000,0.000000,0.000000,0.000000,0.000000,0.000000,0.000000,-0.183881,0.011289,-0.091540,0.005891,2.298348,-0.060411,-5.217572,-0.099319
160.738400,0.000000,0.000000,0.000000,0.000000,0.000000,0.000000,0.000000,0.000000,0.000000,0.000000,0.000000,0.000000,-0.006035,0.000385,-0.003046,0.000201,0.000073,-0.000004,0.000018,-0.000000,0.000000,0.000000,0.000000,0.000000,0.000000,0.000000,0.997724,0.000000,0.000000,0.000000,0.000000,0.000000,0.000000,0.000000,0.000000,0.000000,-0.177122,0.011289,-0.089405,0.005890,1.960155,-0.076555,-1.307189,0.025891
