Q_match,C7_real,C7_img
81.000000,-1.940683e-01,3.423032e-07
