Q_match,C1_real,C1_img,C2_real,C2_img,C3_real,C3_img,C4_real,C4_img,C5_real,C5_img,C6_real,C6_img,C7_real,C7_img,C8_real,C8_img,C9_real,C9_img,C10_real,C10_img
1.000000,0.000000,0.000000,1.002986,0.000000,0.000000,0.000000,0.000000,0.000000,0.000000,0.000000,0.000000,0.000000,0.051609,0.011730,0.145542,0.006121,0.000000,0.000000,0.000000,0.000000
85.000000,0.000000,0.000000,1.002986,0.000000,0.000000,0.000000,0.000000,0.000000,0.000000,0.000000,0.000000,0.000000,0.051609,0.011730,0.145542,0.006121,0.000000,0.000000,0.000000,0.000000
