Q_match,C1_real,C1_img,C2_real,C2_img,C3_real,C3_img,C4_real,C4_img,C5_real,C5_img,C6_real,C6_img
1.000000,0.000000,0.000000,1.016617,0.000000,0.000000,0.000000,0.000000,0.000000,0.000000,0.000000,0.000000,0.000000
