theta_W,0.5
s_12,7.81615
V_us,0.22501
V_tb,1
m_u,0.0022
e_em,0.313409
V_ub_rel,0.0015357
m_b,3.95268
V_ts_rel,-0.04182
V_ub_img,-0.00340168
V_ts_img,-0
V_cs_rel,0.974685
V_cs_img,0
G_F,1.16637e-05
M_W,80.3695
V_cb,0.04182
m_c,1.27
m_t,163.015
m_s,0.093
