{
"IMCKM": {
  "22": 0,
  "21": 0,
  "20": -0.00326621,
  "12": 0,
  "11": 0,
  "10": 0,
  "2": -0.00326621,
  "1": 0,
  "0": 0
},
"MASS": {
  "25": 125.1,
  "23": 91.1876,
  "13": 0.105658,
  "24": 79.829,
  "11": 0.000511,
  "6": 162.693,
  "5": 4.25,
  "4": 1.27,
  "3": 0.093,
  "15": 1.77686,
  "2": 0.0022,
  "1": 0.0047
},
"RECKM": {
  "22": 1,
  "21": -0.0414656,
  "20": 0.00809534,
  "12": 0.0414656,
  "11": 0.97453,
  "10": -0.2257,
  "2": 0.00126343,
  "1": 0.2257,
  "0": 0.97453
},
"GAUGE": {
  "4": 0.313409,
  "3": 1.22799,
  "1": 0.358003,
  "2": 0.648435
},
"SMINPUT": {
  "10": 0.313,
  "5": 4.25,
  "2": 1.16637e-05,
  "1": 127.934,
  "0": 0
}
}