{
"IMCKM": {
  "22": 0,
  "21": 0,
  "20": -0.00327421,
  "12": 0,
  "11": 0,
  "10": 0,
  "2": -0.00327421,
  "1": 0,
  "0": 0
},
"MASS": {
  "25": 125.1,
  "23": 91.1876,
  "13": 0.105658,
  "24": 79.829,
  "11": 0.000511,
  "6": 162.938,
  "5": 4.25,
  "4": 1.27,
  "3": 0.093,
  "15": 1.777,
  "2": 0.0022,
  "1": 0.0047
},
"RECKM": {
  "22": 1,
  "21": -0.0418162,
  "20": 0.00791268,
  "12": 0.0418162,
  "11": 0.974688,
  "10": -0.225,
  "2": 0.00149598,
  "1": 0.225,
  "0": 0.974688
},
"GAUGE": {
  "4": 0.313409,
  "3": 1.21358,
  "1": 0.358003,
  "2": 0.648435
},
"SMINPUT": {
  "10": 0.01,
  "5": 4.25,
  "2": 1.16637e-05,
  "1": 127.934,
  "0": 0
}
}