{
"IMCKM": {
  "22": 0,
  "21": 0,
  "20": -0.00327421,
  "12": 0,
  "11": 0,
  "10": 0,
  "2": -0.00327421,
  "1": 0,
  "0": 0
},
"MASS": {
  "25": 125.1,
  "23": 91.1876,
  "13": 0.105658,
  "24": 81.0355,
  "11": 0.000511,
  "6": 163.214,
  "5": 4.18,
  "4": 1.27,
  "3": 0.093,
  "15": 1.777,
  "2": 0.0022,
  "1": 0.0047
},
"RECKM": {
  "22": 1,
  "21": -0.0418162,
  "20": 0.00791268,
  "12": 0.0418162,
  "11": 0.974688,
  "10": -0.225,
  "2": 0.00149598,
  "1": 0.225,
  "0": 0.974688
},
"GAUGE": {
  "4": 0.301835,
  "3": 1.21978,
  "1": 0.339649,
  "2": 0.658235
},
"SMINPUT": {
  "10": 0.313,
  "5": 4.18,
  "2": 1.16637e-05,
  "1": 137.934,
  "0": 0
}
}