{
"ALPHA": {
  "0": 3.02422
},
"HMIX": {
  "2": 10
},
"IMCKM": {
  "22": 0,
  "21": 0,
  "20": -0.00327421,
  "12": 0,
  "11": 0,
  "10": 0,
  "2": -0.00327421,
  "1": 0,
  "0": 0
},
"YU": {
  "0": -10,
  "11": -10,
  "22": -10
},
"MASS": {
  "37": 310.55,
  "36": 300,
  "1": 0.0047,
  "2": 0.0022,
  "15": 1.77686,
  "3": 0.093,
  "4": 1.27,
  "5": 4.25,
  "11": 0.000511,
  "24": 80.3695,
  "13": 0.105658,
  "23": 91.1876,
  "25": 81.0829,
  "6": 172.5,
  "35": 300.542
},
"RECKM": {
  "22": 1,
  "21": -0.0418162,
  "20": 0.00791268,
  "12": 0.0418162,
  "11": 0.974688,
  "10": -0.225,
  "2": 0.00149598,
  "1": 0.225,
  "0": 0.974688
},
"GAUGE": {
  "4": 0.313409,
  "3": 1.21358,
  "1": 0.358003,
  "2": 0.648435
},
"SMINPUT": {
  "10": 1.602e-19,
  "5": 4.25,
  "2": 1.16637e-05,
  "1": 127.934,
  "0": 0
}
}