case,samples,dim,max|corr_error|,mean|corr_error|,max|mean|,max|std-1|
identity,15000,3,0.0109583,0.00483952,0.00445973,0.0120916
equicorr_rho_0_5,15000,3,0.0121617,0.00443658,0.00445973,0.0102734
block_rho12_0_8,15000,3,0.00877981,0.00516276,0.00445973,0.0120916
near_singular_rho_0_999,15000,3,3.22864e-05,1.99767e-05,0.00445973,0.00458899
